,first_name,last_name,email,email_verified,signup_date,referral_count,balance
aaron.wrightaaron6549,Aaron,Wright,aaron.wrightaaron6226@gmail.com,True,2018-01-30,6,32.12
abanks,Anthony,Banks,banks@garrett-ramsey.com,True,2018-04-07,3,0.86
abarnes,Ashley,Barnes,ashley@mcbride.com,True,2018-01-05,2,89.01
achristensen,Amanda,Christensen,amanda@yahoo.com,False,2018-03-27,1,42.67
acole,Anthony,Cole,anthony.coleanthony2659@hotmail.com,True,2018-05-17,3,85.4
acortez,Alyssa,Cortez,cortez8509@yahoo.com,True,2018-06-21,2,77.34
acosta,Christian,Acosta,christian.acostachristian7501@gmail.com,True,2018-06-21,6,83.46
adam,Adam,,adam@hotmail.com,True,2018-02-20,1,44.98
adam.fergusonadam5149,Adam,Ferguson,ferguson@hotmail.com,True,2018-05-20,2,92.47
adrian,Adrian,Lamb,adrian@yahoo.com,True,2018-07-26,6,30.01
afrancis,Anthony,Francis,francis@gmail.com,True,2018-03-10,2,57.85
agarcia,Ashley,Garcia,ashley.garciaashley1832@gmail.com,True,2018-03-15,4,23.28
aharrison,Alexander,Harrison,aharrison@yahoo.com,True,2018-03-09,3,52.97
ahenry,Angela,Henry,angela@yahoo.com,True,2018-03-09,0,30.41
alex,Alex,Sparks,asparks@hotmail.com,True,2018-07-02,5,19.84
alex.powellalex7302,Alex,Powell,alex.powellalex4785@yahoo.com,False,2018-07-23,3,92.5
alexandria,Alexandria,Hooper,ahooper@yahoo.com,True,2018-05-22,3,44.02
alexis,Alexis,Vaughn,vaughn@gmail.com,True,2018-09-07,3,14.2
alexis.smithalexis707,Alexis,Smith,alexis.smithalexis3771@gmail.com,True,2018-07-23,2,34.03
amanda.holmesamanda8747,Amanda,Holmes,amanda.holmesamanda4@gmail.com,True,2018-06-22,7,87.07
amber,Amber,,amber@gmail.com,True,2018-01-30,0,33.12
amber.brownamber8932,Amber,Brown,abrown@hotmail.com,True,2018-06-13,6,53.21
amber.carteramber2778,Amber,Carter,carter@yahoo.com,True,2018-05-31,0,58.68
amy,Amy,,amy@gmail.com,True,2018-08-16,3,78.31
amy.johnsonamy2479,Amy,Johnson,johnson@hotmail.com,True,2018-01-30,5,59.94
anderson7178,Jonathan,Anderson,janderson@gmail.com,True,2018-06-02,0,8.15
andre,Andre,Shelton,andre@yahoo.com,True,2018-04-23,3,91.09
angela.castroangela8662,Angela,Castro,castro2780@yahoo.com,True,2018-04-20,1,43.11
anthony,Anthony,Klein,anthony@yahoo.com,True,2018-01-29,3,69.57
aparker,Alexis,Parker,alexis.parkeralexis8723@hotmail.com,True,2018-06-14,4,50.19
arodriguez,Adam,Rodriguez,adam@hotmail.com,True,2018-06-14,2,53.76
ashlee.davisashlee8500,Ashlee,Davis,ashlee@yahoo.com,False,2018-01-01,5,63.83
ashley,Ashley,,ashley@gmail.com,True,2018-09-04,5,24.85
athompson,Anthony,Thompson,anthony.thompsonanthony6265@yahoo.com,False,2018-05-31,1,11.02
bailey,Brett,Bailey,bailey3987@gmail.com,True,2018-02-08,1,65.27
baldwin7300,Richard,Baldwin,richard@hotmail.com,True,2018-07-17,3,98.14
barr,Doris,Barr,doris@gmail.com,True,2018-03-14,5,50.37
barrett2267,Steven,Barrett,steven@hotmail.com,True,2018-05-22,4,20.82
beard7367,David,Beard,david@gmail.com,False,2018-01-12,5,75.64
berg9118,Jason,Berg,jason@yahoo.com,False,2018-01-11,2,61.74
best3346,Shane,Best,best8661@hotmail.com,True,2018-04-22,3,7.92
beverly.taylorbeverly9627,Beverly,Taylor,beverly@gmail.com,False,2018-09-07,0,1.6
bharris,Brianna,Harris,brianna.harrisbrianna5324@gmail.com,True,2018-07-22,1,80.81
bjackson,Brittany,Jackson,bjackson@yahoo.com,False,2018-03-14,2,23.37
blackburn,John,Blackburn,john@gmail.com,True,2018-02-14,1,45.45
blackwell657,Anne,Blackwell,anne.blackwellanne8101@gmail.com,False,2018-01-19,6,84.4
bowers,Sean,Bowers,sean.bowerssean2871@yahoo.com,True,2018-05-27,7,53.87
bradley,Michelle,Bradley,michelle@hotmail.com,True,2018-07-12,6,3.72
brandon.sandersbrandon9464,Brandon,Sanders,bsanders@gmail.com,True,2018-04-20,3,51.85
brewer,Samantha,Brewer,sbrewer@hotmail.com,True,2018-08-16,1,71.07
brian,Brian,Russell,brussell@gmail.com,True,2018-01-11,3,66.05
brittney,Brittney,Aguirre,baguirre@yahoo.com,True,2018-04-09,4,15.13
brooke.davisbrooke4391,Brooke,Davis,davis4746@hotmail.com,False,2018-04-19,1,22.55
brown,Amanda,Brown,abrown@yahoo.com,False,2018-07-21,7,41.79
bryant,Heather,Bryant,heather@hotmail.com,True,2018-06-21,4,33.46
bspencer,Bryan,Spencer,bspencer@erickson.info,True,2018-03-24,5,59.34
bullock9395,Robert,Bullock,bullock4637@hotmail.com,False,2018-06-18,5,67.66
caleb.ramirezcaleb7635,Caleb,Ramirez,cramirez@yahoo.com,True,2018-02-19,3,85.22
candice,Candice,,candice@hotmail.com,True,2018-04-11,5,74.07
carla,Carla,Wright,carla.wrightcarla6207@hotmail.com,False,2018-09-11,0,34.16
carmen,Carmen,Doyle,doyle7091@hotmail.com,True,2018-01-01,4,21.26
carr498,Charles,Carr,charles@yahoo.com,False,2018-01-21,5,72.73
carrillo1756,Gabriel,Carrillo,gabriel.carrillogabriel9002@hotmail.com,True,2018-06-08,1,81.16
carter387,Melissa,Carter,mcarter@gmail.com,True,2018-02-02,4,51.9
carter7716,Kelly,Carter,carter1200@gmail.com,True,2018-02-19,3,75.86
cathy,Cathy,Beck,cathy@hotmail.com,True,2018-01-12,0,47.36
cbowen,Charles,Bowen,charles@gmail.com,True,2018-08-23,5,81.38
cbrown,Carolyn,Brown,cbrown@gmail.com,True,2018-06-26,2,72.81
cedwards,Christina,Edwards,christina@gmail.com,True,2018-08-25,3,38.2
cgaines,Christopher,Gaines,christopher@yahoo.com,True,2018-06-21,3,89.58
chan4188,James,Chan,james@gmail.com,True,2018-02-27,5,83.57
chavez6323,Marissa,Chavez,marissa.chavezmarissa8562@yahoo.com,True,2018-03-28,1,40.51
cheryl,Cheryl,,cheryl@yahoo.com,True,2018-06-14,0,60.7
cheyenne,Cheyenne,,cheyenne@hotmail.com,True,2018-06-17,5,58.5
christian,Christian,Atkins,christian.atkinschristian8214@hotmail.com,True,2018-07-06,4,91.47
christina.wallacechristina2706,Christina,Wallace,christina.wallacechristina1368@hotmail.com,True,2018-08-26,6,87.07
christine,Christine,Washington,washington5880@gmail.com,True,2018-04-16,6,97.27
christopher,Christopher,,christopher@yahoo.com,True,2018-01-22,3,20.42
christopher.davischristopher9205,Christopher,Davis,cdavis@hotmail.com,True,2018-03-29,0,46.96
christopher.davischristopher9815,Christopher,Davis,davis@yahoo.com,False,2018-05-14,5,8.23
cody.medinacody5708,Cody,Medina,medina5220@gmail.com,True,2018-06-01,1,14.34
cohen80,Samantha,Cohen,samantha.cohensamantha1101@hotmail.com,True,2018-06-20,1,72.41
collins,Pamela,Collins,pamela@walton.org,True,2018-08-20,3,25.88
combs,Amanda,Combs,amanda@gmail.com,True,2018-08-08,4,42.6
connie,Connie,,connie@hotmail.com,False,2018-09-09,7,11.71
cooper,Johnny,Cooper,cooper@yahoo.com,True,2018-05-22,5,90.41
cory,Cory,Kim,cory@hotmail.com,True,2018-07-28,4,4.73
cristina,Cristina,Mack,cristina@hotmail.com,True,2018-07-25,5,29.26
crystal.ramirezcrystal1766,Crystal,Ramirez,ramirez5535@hotmail.com,True,2018-07-13,2,32.92
csmith,Christina,Smith,smith4251@gmail.com,True,2018-01-13,3,26.38
cuevas,Alexis,Cuevas,acuevas@yahoo.com,True,2018-03-01,6,35.1
curry2129,Edward,Curry,edward.curryedward3941@gmail.com,True,2018-04-07,7,70.84
cwoodard,Christina,Woodard,woodard@yahoo.com,True,2018-08-22,4,31.75
cynthia.cartercynthia7338,Cynthia,Carter,carter@long.com,True,2018-01-06,1,9.75
daniel,Daniel,Garcia,garcia339@yahoo.com,True,2018-03-30,7,28.19
danielle.harrisdanielle3844,Danielle,Harris,harris9433@gmail.com,True,2018-06-21,2,92.17
daniels,Karen,Daniels,daniels419@davidson.com,True,2018-04-08,6,95.34
danny,Danny,Jones,jones6378@gmail.com,False,2018-07-19,2,69.69
danny.smithdanny9664,Danny,Smith,danny@mendoza.com,True,2018-04-10,2,77.44
darlene,Darlene,,darlene@hotmail.com,True,2018-01-09,5,7.52
david,David,Ramos,ramos8991@yahoo.com,True,2018-08-06,0,7.71
david.baileydavid1093,David,Bailey,bailey5380@yahoo.com,False,2018-02-23,7,86.64
davis,Nancy,Davis,nancy.davisnancy3355@yahoo.com,True,2018-06-30,4,56.56
davis6105,Logan,Davis,ldavis@hotmail.com,True,2018-06-18,0,66.83
dbenson,David,Benson,benson@gmail.com,False,2018-04-21,5,70.29
debra,Debra,Mendoza,debra.mendozadebra6049@hotmail.com,True,2018-03-06,3,8.55
delacruz,Michael,Delacruz,delacruz@yahoo.com,True,2018-08-29,2,51.03
delgado8791,Marie,Delgado,delgado1932@hotmail.com,True,2018-02-28,7,13.52
denise,Denise,,denise@gmail.com,True,2018-04-25,7,41.81
dhicks,Donald,Hicks,hicks3328@yahoo.com,True,2018-02-02,5,38.71
diana,Diana,Cox,dcox@gmail.com,True,2018-02-04,7,12.22
dlee,Daniel,Lee,lee@gmail.com,True,2018-08-13,5,29.25
dmartinez,Dana,Martinez,dana@hotmail.com,True,2018-03-29,0,36.16
dmccall,David,Mccall,dmccall@yahoo.com,True,2018-04-17,7,28.53
dmitchell,Dana,Mitchell,mitchell@gmail.com,False,2018-02-28,1,93.21
douglas,Douglas,Hansen,hansen6374@gmail.com,True,2018-05-20,7,44.94
douglas.mitchelldouglas9832,Douglas,Mitchell,mitchell1918@gmail.com,True,2018-08-12,0,8.59
doyle,Brittany,Doyle,doyle7350@gmail.com,True,2018-08-23,7,53.52
drodriguez,Danielle,Rodriguez,rodriguez@gmail.com,True,2018-06-05,7,23.59
dunlap,Troy,Dunlap,dunlap@gmail.com,True,2018-02-28,3,3.06
dyer,Susan,Dyer,dyer8498@hotmail.com,True,2018-07-07,2,10.0
dylan,Dylan,Simmons,simmons9624@hotmail.com,True,2018-06-29,3,49.94
earl,Earl,Harris,harris3603@gmail.com,True,2018-01-08,4,36.24
ecunningham,Evan,Cunningham,cunningham8383@smith.com,True,2018-08-13,2,71.98
edward.jonesedward4540,Edward,Jones,jones@yahoo.com,False,2018-03-01,2,65.22
edward.lopezedward4880,Edward,Lopez,elopez@yahoo.com,True,2018-02-22,4,36.68
edward.mcmillanedward9390,Edward,Mcmillan,mcmillan@gmail.com,False,2018-09-10,2,31.34
edwards,Vincent,Edwards,vedwards@yahoo.com,True,2018-01-28,5,10.34
edwards6432,Cassie,Edwards,cassie@gmail.com,True,2018-08-09,5,15.44
egibson,Ernest,Gibson,egibson@gmail.com,False,2018-05-07,3,5.04
ehood,Eric,Hood,hood@jones.biz,True,2018-05-07,3,60.04
elizabeth,Elizabeth,Flores,eflores@gmail.com,True,2018-09-09,7,59.85
elizabeth.davidelizabeth7476,Elizabeth,David,edavid@hotmail.com,True,2018-07-07,5,2.47
ellis,Christopher,Ellis,ellis2024@yahoo.com,False,2018-08-18,1,47.44
ellis8101,Michaela,Ellis,mellis@yahoo.com,True,2018-06-14,6,36.93
ellison,Michael,Ellison,michael@hotmail.com,True,2018-02-06,3,29.28
emily.nelsonemily8730,Emily,Nelson,nelson@hotmail.com,False,2018-04-20,4,58.96
eric,Eric,,eric@hotmail.com,True,2018-03-08,6,41.87
erichard,Emily,Richard,emily.richardemily6455@gmail.com,True,2018-04-05,0,51.57
erika,Erika,Rodriguez,rodriguez@kelly.info,True,2018-07-21,5,53.73
erin,Erin,,erin@hotmail.com,True,2018-03-06,7,9.88
evans,William,Evans,william.evanswilliam8269@gmail.com,True,2018-02-05,1,15.18
fletcher,Michelle,Fletcher,fletcher6326@hotmail.com,False,2018-04-13,5,40.52
fox8089,Crystal,Fox,cfox@gmail.com,True,2018-06-12,0,47.75
franklin,Jonathan,Franklin,franklin@hotmail.com,True,2018-01-17,5,73.75
frazier,Nicholas,Frazier,nicholas@hotmail.com,True,2018-07-20,0,53.8
frederick,Nicholas,Frederick,nicholas.fredericknicholas6114@hotmail.com,True,2018-08-25,1,1.73
fuentes,Kirk,Fuentes,kfuentes@gmail.com,True,2018-02-11,5,28.95
gallagher,Christine,Gallagher,gallagher277@yahoo.com,True,2018-03-11,3,50.42
garcia,Joshua,Garcia,joshua.garciajoshua109@yahoo.com,True,2018-08-20,7,48.65
garcia3090,Ashley,Garcia,ashley.garciaashley8322@douglas.com,True,2018-08-25,2,86.13
garrett.wigginsgarrett1715,Garrett,Wiggins,gwiggins@yahoo.com,True,2018-04-28,2,19.47
gary,Gary,Ramirez,gary@hotmail.com,True,2018-05-02,5,44.78
george5651,Anthony,George,anthony.georgeanthony8650@gmail.com,True,2018-02-03,7,68.76
gmcguire,Geoffrey,Mcguire,geoffrey@gmail.com,True,2018-07-16,2,89.72
gonzalez,Dustin,Gonzalez,dgonzalez@gmail.com,True,2018-03-31,3,90.26
gonzalez3350,David,Gonzalez,david@hampton-sanchez.com,True,2018-08-14,7,32.0
goodman,Amy,Goodman,goodman@hotmail.com,True,2018-03-25,2,25.64
gordon,Russell,Gordon,gordon@hotmail.com,True,2018-05-25,1,53.11
graves6339,Melissa,Graves,melissa.gravesmelissa3979@hotmail.com,True,2018-05-11,4,52.81
green,Christine,Green,christine.greenchristine9357@gmail.com,True,2018-01-06,5,68.46
gregory,Gregory,,gregory@gmail.com,True,2018-01-09,6,64.48
gregory.avilagregory4904,Gregory,Avila,avila@hotmail.com,False,2018-02-23,6,63.16
grimes,Jeremy,Grimes,grimes@hotmail.com,True,2018-01-09,6,69.91
gsteele,Gregory,Steele,gregory@yahoo.com,False,2018-01-21,3,54.06
gutierrez,Susan,Gutierrez,susan.gutierrezsusan1854@hotmail.com,True,2018-03-19,7,83.42
hale7902,Jessica,Hale,hale@hotmail.com,True,2018-02-16,2,11.64
hammond2790,Cole,Hammond,cole.hammondcole4222@yahoo.com,False,2018-04-24,6,86.59
hanna3706,Michelle,Hanna,hanna9504@gmail.com,True,2018-05-06,2,76.31
harold,Harold,Johnson,johnson@hotmail.com,True,2018-06-04,2,15.45
henry,Henry,White,white@yahoo.com,False,2018-03-11,2,73.88
henry.davishenry9477,Henry,Davis,hdavis@holmes-erickson.com,True,2018-08-10,1,38.42
hmiller,Holly,Miller,hmiller@atkinson-williams.com,True,2018-06-14,2,3.38
hodge,Lisa,Hodge,lhodge@yahoo.com,True,2018-07-08,5,9.62
huber,John,Huber,john.huberjohn8815@hotmail.com,True,2018-06-17,0,63.62
hughes9955,Thomas,Hughes,thughes@hotmail.com,False,2018-03-17,7,53.17
hwilliams,Harry,Williams,hwilliams@yahoo.com,True,2018-01-06,4,23.21
isaac.millerisaac1340,Isaac,Miller,miller@hotmail.com,True,2018-09-11,4,45.32
isoto,Ian,Soto,soto3631@hotmail.com,True,2018-07-29,3,53.78
jack,Jack,,jack@hotmail.com,True,2018-02-14,4,88.19
jackie,Jackie,,jackie@adams-johnston.biz,True,2018-06-18,6,55.72
jackson,William,Jackson,wjackson@gmail.com,False,2018-06-10,6,82.05
james.hicksjames5359,James,Hicks,james@hotmail.com,True,2018-06-06,6,18.32
james.whitejames5357,James,White,white3545@gmail.com,False,2018-05-09,7,70.89
janice,Janice,,janice@yahoo.com,True,2018-01-09,1,40.96
jarmstrong,John,Armstrong,john@johnson-johnson.com,True,2018-06-05,7,58.33
jasmine,Jasmine,,jasmine@gmail.com,False,2018-07-26,3,44.52
jcrawford,Jennifer,Crawford,crawford@hotmail.com,True,2018-03-28,2,94.83
jdunn,Jesse,Dunn,jesse@yahoo.com,True,2018-03-16,1,14.87
jeffrey.stewartjeffrey6302,Jeffrey,Stewart,stewart1514@hotmail.com,True,2018-06-27,5,31.68
jennifer.danieljennifer8576,Jennifer,Daniel,jennifer.danieljennifer5458@yahoo.com,False,2018-03-13,5,1.8
jennifer.perkinsjennifer8273,Jennifer,Perkins,jperkins@silva-burns.com,True,2018-03-27,3,86.2
jensen,Maria,Jensen,maria@gmail.com,True,2018-08-06,1,96.73
jessica,Jessica,Flores,jflores@gmail.com,True,2018-03-07,1,41.94
jessica.shahjessica3124,Jessica,Shah,jshah@yahoo.com,False,2018-05-13,2,84.21
jgates,Jose,Gates,jose@gmail.com,True,2018-05-17,7,43.34
jhall,Janet,Hall,janet.halljanet1969@hotmail.com,True,2018-02-11,6,84.24
jimenez,Erica,Jimenez,ejimenez@yahoo.com,True,2018-03-06,5,97.04
jmoore,Jeremy,Moore,moore@arellano.com,True,2018-03-23,1,6.08
john,John,Cantrell,john@hotmail.com,True,2018-04-10,4,16.82
john.ariasjohn6791,John,Arias,arias@hotmail.com,True,2018-05-21,0,92.9
john.beckerjohn8558,John,Becker,john.beckerjohn1652@yahoo.com,True,2018-01-07,1,26.05
john.bryantjohn8330,John,Bryant,jbryant@hotmail.com,True,2018-03-14,2,41.3
john.perezjohn9893,John,Perez,perez@yahoo.com,True,2018-07-07,0,84.58
johns3243,Timothy,Johns,tjohns@yahoo.com,True,2018-08-30,7,25.03
johnson,Melissa,Johnson,melissa.johnsonmelissa6571@hotmail.com,True,2018-01-03,6,87.74
johnson8496,Terri,Johnson,terri@bailey.com,True,2018-07-15,7,5.54
johnson9430,Timothy,Johnson,johnson@yahoo.com,True,2018-07-30,3,77.21
jonathan.meadowsjonathan7089,Jonathan,Meadows,jonathan@gmail.com,True,2018-08-07,6,96.53
jones1646,Patricia,Jones,patricia.jonespatricia4283@hotmail.com,True,2018-08-06,0,14.65
jones5424,Andrew,Jones,ajones@yahoo.com,True,2018-06-17,0,56.58
jordan,Damon,Jordan,djordan@hotmail.com,True,2018-06-12,2,54.21
jordan.robertsonjordan4824,Jordan,Robertson,robertson@hotmail.com,False,2018-02-15,7,84.6
jordan4287,Victoria,Jordan,vjordan@quinn.com,True,2018-01-25,2,43.51
joseph,Joseph,,joseph@gmail.com,True,2018-06-20,0,46.76
joseph.nelsonjoseph9825,Joseph,Nelson,nelson@hotmail.com,True,2018-02-24,7,92.3
joshua,Joshua,,joshua@sanford-bell.com,True,2018-06-04,1,83.78
jphillips,Jason,Phillips,phillips6730@hotmail.com,True,2018-02-22,5,1.49
jriddle,James,Riddle,riddle@gmail.com,True,2018-08-07,7,83.5
jsmith,Jessica,Smith,jessica.smithjessica178@gmail.com,True,2018-01-22,6,9.04
jswanson,Jeff,Swanson,jeff@yahoo.com,True,2018-07-09,3,46.03
juan,Juan,,juan@gmail.com,True,2018-08-29,7,6.62
judith.hodgesjudith2026,Judith,Hodges,judith@ortega.org,True,2018-08-05,6,46.93
julia.belljulia6976,Julia,Bell,jbell@gmail.com,True,2018-05-07,2,77.26
julie.garciajulie6491,Julie,Garcia,garcia3801@gmail.com,True,2018-02-01,1,43.27
justin.russelljustin419,Justin,Russell,jrussell@yahoo.com,False,2018-05-22,1,21.66
jyoung,Jared,Young,young@hotmail.com,True,2018-01-31,5,80.32
kaiser6733,Joshua,Kaiser,joshua@hotmail.com,True,2018-01-16,4,49.03
kaitlin,Kaitlin,Trevino,trevino7736@hotmail.com,True,2018-03-12,5,38.12
karen.porterkaren1259,Karen,Porter,porter3608@yahoo.com,True,2018-05-17,4,84.62
kari,Kari,Manning,kmanning@hotmail.com,True,2018-06-12,1,34.96
kathryn,Kathryn,,kathryn@hotmail.com,False,2018-06-17,5,32.19
kathy,Kathy,Johnson,johnson1039@yahoo.com,True,2018-05-12,5,70.11
kcarlson,Kim,Carlson,kcarlson@hotmail.com,True,2018-08-01,5,67.98
kcombs,Kyle,Combs,kyle@hotmail.com,True,2018-05-26,0,93.91
keith,Keith,Stevens,stevens@hotmail.com,False,2018-01-04,5,65.46
kelley,Jeffrey,Kelley,kelley5026@hotmail.com,True,2018-09-12,7,19.96
kelly.owenskelly6763,Kelly,Owens,owens@yahoo.com,True,2018-03-18,2,39.25
kelsey,Kelsey,Santos,santos7712@yahoo.com,True,2018-08-28,6,76.49
kevin.bakerkevin1091,Kevin,Baker,kevin@hotmail.com,True,2018-06-19,4,67.5
kfranklin,Kevin,Franklin,franklin@hotmail.com,True,2018-08-01,1,56.14
kgreer,Kevin,Greer,kevin@singleton.com,True,2018-06-30,3,64.04
kim,Kim,Garza,garza6684@miller-lewis.com,True,2018-03-29,1,14.98
kim88,Alexis,Kim,kim@gmail.com,True,2018-03-18,1,50.69
kimberly.edwardskimberly1307,Kimberly,Edwards,kimberly@gmail.com,True,2018-03-16,3,5.02
klynch,Karen,Lynch,karen@gmail.com,True,2018-08-04,3,88.85
kmccoy,Kimberly,Mccoy,kimberly.mccoykimberly8349@gmail.com,True,2018-08-27,6,31.88
krista,Krista,,krista@hotmail.com,True,2018-01-30,2,10.08
kristina.gomezkristina6701,Kristina,Gomez,kgomez@gmail.com,True,2018-07-25,0,17.28
kshort,Kevin,Short,short158@floyd.com,True,2018-05-12,7,18.64
kyle,Kyle,,kyle@gmail.com,True,2018-03-18,6,91.95
kylie.perezkylie6974,Kylie,Perez,kylie.perezkylie1159@gmail.com,True,2018-06-08,1,64.74
kzhang,Kelsey,Zhang,zhang@yahoo.com,True,2018-05-14,3,11.49
lambert,Jeffrey,Lambert,lambert@gmail.com,True,2018-04-24,6,9.72
larry,Larry,,larry@williamson.com,True,2018-06-18,6,65.36
larry.woodwardlarry6213,Larry,Woodward,larry@yahoo.com,True,2018-06-25,4,60.63
laura,Laura,Goodman,laura@hotmail.com,True,2018-08-12,0,8.26
leah,Leah,Brown,brown3220@gmail.com,True,2018-02-21,7,61.47
lee,Melissa,Lee,melissa.leemelissa2902@gmail.com,True,2018-02-22,7,67.78
lewis,William,Lewis,wlewis@yahoo.com,True,2018-06-19,5,53.58
lfisher,Lauren,Fisher,lfisher@hess.com,True,2018-07-13,5,79.93
lisa,Lisa,,lisa@walker.org,False,2018-05-08,3,4.0
livingston2773,Stacey,Livingston,livingston@gmail.com,True,2018-08-07,2,22.21
ljohnson,Lindsay,Johnson,johnson3683@gmail.com,False,2018-03-22,6,52.89
lori,Lori,Moore,moore6517@kim-hensley.com,True,2018-05-17,1,97.29
lorraine.millerlorraine7218,Lorraine,Miller,miller@yahoo.com,True,2018-07-23,3,97.02
lozano,Sean,Lozano,lozano8853@yahoo.com,False,2018-01-17,4,18.21
lpark,Larry,Park,lpark@randall.biz,True,2018-06-01,0,17.8
lsanchez,Linda,Sanchez,sanchez@yahoo.com,False,2018-08-21,0,80.53
lstephens,Levi,Stephens,stephens@yahoo.com,True,2018-04-19,5,48.37
lucas6522,Daniel,Lucas,lucas1375@yahoo.com,True,2018-06-17,3,69.83
lvillanueva,Lisa,Villanueva,lvillanueva@yahoo.com,True,2018-05-05,2,47.74
lwest,Lori,West,west@gmail.com,True,2018-02-05,1,61.4
lwright,Lauren,Wright,lauren.wrightlauren568@hotmail.com,True,2018-05-03,3,6.09
mann,Melvin,Mann,mann5254@hotmail.com,True,2018-06-01,5,16.86
manning,Michael,Manning,michael@yahoo.com,False,2018-05-23,3,60.01
marcus,Marcus,Parker,marcus@gmail.com,True,2018-06-28,5,81.29
margaret,Margaret,,margaret@hotmail.com,True,2018-07-15,6,14.15
maria,Maria,Chavez,maria.chavezmaria7448@gmail.com,True,2018-08-04,2,43.61
marilyn.wardmarilyn2085,Marilyn,Ward,mward@gmail.com,True,2018-06-30,1,75.23
mark,Mark,Frost,frost5966@gmail.com,True,2018-08-24,7,42.65
mark.evansmark8291,Mark,Evans,mark.evansmark556@yahoo.com,False,2018-05-08,6,85.48
marquez,James,Marquez,james@gmail.com,True,2018-05-23,3,4.15
marshall5749,Sarah,Marshall,marshall@yahoo.com,False,2018-01-28,4,15.86
martin,Stephen,Martin,smartin@garcia-gonzalez.com,True,2018-01-20,5,99.64
martinez,Michael,Martinez,michael@hotmail.com,True,2018-03-10,1,81.56
marvin,Marvin,Alexander,alexander7104@hotmail.com,True,2018-08-03,0,74.29
mary,Mary,Daniel,mdaniel@gmail.com,True,2018-05-11,3,8.68
matthew,Matthew,Hood,matthew@yahoo.com,True,2018-03-24,6,19.07
matthew.rosematthew1936,Matthew,Rose,rose@conner.com,True,2018-01-12,0,76.56
matthews2150,Chad,Matthews,matthews@yahoo.com,True,2018-04-21,2,71.11
mays,Eileen,Mays,mays4004@yahoo.com,True,2018-02-05,6,49.49
mbarber,Megan,Barber,mbarber@gmail.com,True,2018-04-28,2,56.63
mcfarland,Nicholas,Mcfarland,nicholas@yahoo.com,False,2018-07-08,5,19.1
mckenzie713,Kristy,Mckenzie,mckenzie@yahoo.com,True,2018-07-08,7,7.78
megan,Megan,Rose,rose676@gmail.com,True,2018-04-01,7,71.79
melissa,Melissa,,melissa@hotmail.com,True,2018-04-18,7,59.47
melissa.coopermelissa7095,Melissa,Cooper,cooper1457@yahoo.com,True,2018-02-15,0,41.79
mgomez,Michael,Gomez,gomez@yahoo.com,True,2018-04-13,1,97.78
mgonzalez,Melinda,Gonzalez,gonzalez@hotmail.com,True,2018-08-10,2,14.95
michael,Michael,Lynch,michael@hotmail.com,False,2018-04-09,3,58.01
michaela,Michaela,Wilson,michaela@yahoo.com,True,2018-01-08,4,77.32
mike,Mike,Hampton,mike@hotmail.com,True,2018-08-03,4,17.16
miller6168,Joshua,Miller,miller@yahoo.com,True,2018-01-13,6,14.34
miller7796,Alexandria,Miller,amiller@gmail.com,True,2018-03-07,6,42.06
mitchell,Lisa,Mitchell,lisa@clark-johnston.com,True,2018-06-28,2,1.75
mitchell1818,Mark,Mitchell,mmitchell@hotmail.com,True,2018-08-28,5,98.8
mkelley,Mary,Kelley,mary.kelleymary237@hotmail.com,True,2018-04-23,7,46.03
mmiller,Margaret,Miller,margaret.millermargaret2768@yahoo.com,True,2018-02-23,1,40.29
monica.mendozamonica1654,Monica,Mendoza,mmendoza@hotmail.com,True,2018-04-10,5,1.57
monica.waltonmonica1882,Monica,Walton,walton@gmail.com,False,2018-08-01,5,54.39
morris,Charles,Morris,charles@gmail.com,True,2018-09-02,4,66.58
mosley,Mark,Mosley,mosley@yahoo.com,False,2018-01-04,4,17.66
mperez,Mary,Perez,mary.perezmary2247@gmail.com,True,2018-06-16,5,83.74
mrich,Michael,Rich,michael@hotmail.com,True,2018-01-22,3,95.94
mullins,Richard,Mullins,richard@gmail.com,True,2018-03-26,7,71.2
mullins9448,Lucas,Mullins,mullins4284@hotmail.com,True,2018-01-10,5,16.57
murphy,Mary,Murphy,murphy4970@yahoo.com,True,2018-07-12,3,84.18
mwilliams,Melissa,Williams,williams@murphy.com,True,2018-08-04,1,24.36
nancy,Nancy,,nancy@rose.com,True,2018-01-09,0,28.36
nancy.knappnancy3559,Nancy,Knapp,knapp@gmail.com,False,2018-07-22,5,23.18
natasha,Natasha,Hernandez,hernandez1573@yahoo.com,True,2018-07-31,7,93.99
nathan.hermannathan3031,Nathan,Herman,herman@gmail.com,True,2018-06-26,0,17.06
nathan.myersnathan6380,Nathan,Myers,myers@gmail.com,True,2018-03-13,7,14.02
nguyen1076,Teresa,Nguyen,teresa.nguyenteresa9806@yahoo.com,False,2018-09-12,0,68.27
nicholas.marshallnicholas5925,Nicholas,Marshall,marshall1359@hotmail.com,False,2018-01-05,5,80.91
nicholas.nguyennicholas3814,Nicholas,Nguyen,nicholas@hotmail.com,False,2018-04-19,6,49.48
nicole.odonnellnicole2622,Nicole,Odonnell,odonnell@olson-hurst.com,True,2018-06-28,6,47.85
norton,Phillip,Norton,norton@gmail.com,True,2018-03-07,2,27.1
owens1224,Katie,Owens,kowens@yahoo.com,True,2018-01-28,3,14.0
patel2897,Andrew,Patel,apatel@yahoo.com,True,2018-06-12,5,63.45
patel5659,Donald,Patel,dpatel@yahoo.com,True,2018-04-12,7,9.49
patricia.gutierrezpatricia6190,Patricia,Gutierrez,patricia@gmail.com,True,2018-08-01,6,90.15
patrick,Patrick,,patrick@johnson.info,False,2018-01-05,1,44.51
patterson1615,Brandi,Patterson,bpatterson@hotmail.com,True,2018-01-01,6,55.17
paul,Paul,,paul@yahoo.com,True,2018-04-30,2,20.05
paul.phillipspaul7651,Paul,Phillips,phillips1245@hotmail.com,True,2018-06-14,5,62.99
pedro,Pedro,Hall,pedro@gmail.com,True,2018-07-14,6,19.8
perez1929,Douglas,Perez,perez2454@yahoo.com,True,2018-05-31,1,87.35
philip.lovephilip333,Philip,Love,philip@yahoo.com,True,2018-02-07,0,6.86
pjenkins,Paul,Jenkins,jenkins5108@yahoo.com,False,2018-08-02,0,36.2
powell,Patrick,Powell,patrick@yahoo.com,False,2018-06-21,3,76.81
pstewart,Paula,Stewart,stewart5951@yahoo.com,True,2018-02-02,4,48.28
pwhite,Patricia,White,white955@yahoo.com,True,2018-03-23,5,95.02
raguirre,Robert,Aguirre,robert.aguirrerobert3597@gmail.com,True,2018-07-10,5,5.73
ramirez,Kristy,Ramirez,ramirez@hotmail.com,False,2018-07-12,3,94.56
ramsey5675,Michele,Ramsey,ramsey6133@gmail.com,True,2018-04-10,1,38.53
randy,Randy,Shepherd,randy.shepherdrandy8095@gmail.com,True,2018-09-01,3,47.94
raymond,Raymond,,raymond@gmail.com,True,2018-03-05,3,53.82
rebecca,Rebecca,,rebecca@yahoo.com,True,2018-05-28,0,37.68
reginald,Reginald,Vang,vang7546@yahoo.com,True,2018-03-02,3,75.91
reyes,Ann,Reyes,areyes@hotmail.com,False,2018-09-04,7,65.07
reyes1564,Joseph,Reyes,jreyes@yahoo.com,True,2018-03-03,6,76.16
reynolds,Paul,Reynolds,preynolds@gmail.com,True,2018-01-05,5,41.06
rharris,Richard,Harris,harris@yahoo.com,True,2018-03-23,0,95.49
rhunt,Rachel,Hunt,hunt@gmail.com,True,2018-06-30,7,93.76
rice,Wesley,Rice,wesley.ricewesley720@yahoo.com,True,2018-02-10,7,53.79
rivers5438,Jennifer,Rivers,jennifer.riversjennifer9894@hotmail.com,True,2018-07-10,0,89.48
rjames,Russell,James,russell.jamesrussell1840@gmail.com,True,2018-01-19,6,87.22
robbins,Richard,Robbins,richard@hotmail.com,True,2018-02-11,0,33.05
robert,Robert,Woods,woods3270@yahoo.com,False,2018-03-04,6,67.25
robert.mercerrobert9766,Robert,Mercer,mercer@gmail.com,True,2018-08-19,7,50.96
robinson2938,Lori,Robinson,robinson@yahoo.com,False,2018-06-09,2,24.54
robinson8425,Dave,Robinson,drobinson@gmail.com,True,2018-08-17,7,34.18
rodriguez,Russell,Rodriguez,rodriguez1190@gmail.com,True,2018-07-25,1,3.07
rodriguez5750,Kimberly,Rodriguez,rodriguez@gmail.com,True,2018-02-20,0,8.35
rollins2073,Heather,Rollins,heather.rollinsheather6120@gmail.com,True,2018-04-21,3,47.27
romero,Brian,Romero,romero@gmail.com,True,2018-08-25,1,64.57
romero6686,Kelly,Romero,romero4549@yahoo.com,True,2018-05-26,4,34.7
romero7226,Travis,Romero,romero@yahoo.com,True,2018-07-07,6,18.22
ronald,Ronald,,ronald@hotmail.com,True,2018-03-20,0,75.33
rowe5501,Angela,Rowe,rowe@yahoo.com,True,2018-04-29,0,29.83
rowland,Sarah,Rowland,rowland6987@yahoo.com,True,2018-05-02,6,16.27
rstokes,Richard,Stokes,richard.stokesrichard8117@howard.com,False,2018-01-26,2,30.44
russell4385,Caleb,Russell,crussell@hotmail.com,True,2018-02-17,6,71.06
rwillis,Rachel,Willis,rachel@gmail.com,True,2018-08-12,2,28.7
rwise,Robert,Wise,wise@yahoo.com,True,2018-03-08,6,89.19
ryan,Ryan,Carter,ryan@hotmail.com,True,2018-09-13,7,26.94
ryan.hunterryan5565,Ryan,Hunter,hunter9784@gmail.com,False,2018-08-24,2,67.37
ryan.santosryan1216,Ryan,Santos,ryan@hotmail.com,True,2018-01-29,5,25.29
samantha,Samantha,David,sdavid@hotmail.com,True,2018-04-19,2,75.99
sanchez1179,Isabella,Sanchez,sanchez@hudson-reynolds.com,True,2018-05-11,6,97.13
sandra.foleysandra4618,Sandra,Foley,foley@hotmail.com,True,2018-08-02,2,56.27
sara,Sara,Hawkins,hawkins@hotmail.com,True,2018-05-29,4,60.15
saunders1581,Daniel,Saunders,daniel.saundersdaniel8695@hotmail.com,False,2018-03-21,4,12.28
savage,Chelsea,Savage,savage5192@yahoo.com,True,2018-02-04,0,15.24
sbishop,Sarah,Bishop,bishop@hotmail.com,True,2018-05-13,7,84.78
sbrown,Sandra,Brown,sbrown@gmail.com,True,2018-01-02,3,89.65
sbutler,Sharon,Butler,sharon.butlersharon2762@gmail.com,False,2018-08-19,6,26.96
scott,Scott,,scott@hotmail.com,False,2018-04-10,0,23.72
scott.thomasscott4499,Scott,Thomas,thomas@ball.net,True,2018-08-31,4,27.5
sdavis,Susan,Davis,susan@gmail.com,True,2018-08-06,7,57.52
shannon,Shannon,Raymond,shannon@gmail.com,True,2018-07-05,1,54.38
shannon.lewisshannon5595,Shannon,Lewis,lewis1815@hotmail.com,False,2018-05-05,4,52.82
sharon,Sharon,Spears,spears@yahoo.com,True,2018-04-20,1,93.82
sharris,Stacey,Harris,stacey.harrisstacey8579@hotmail.com,True,2018-07-05,6,76.87
shaun,Shaun,Ray,shaun.rayshaun2959@ortiz.info,True,2018-08-04,6,58.66
shaw,Jared,Shaw,jshaw@gmail.com,True,2018-08-16,0,4.84
shepherd,Jason,Shepherd,shepherd1586@yahoo.com,True,2018-07-24,7,3.23
sherri,Sherri,Glover,glover@yahoo.com,True,2018-04-23,7,28.57
simon,Hannah,Simon,simon@hotmail.com,True,2018-02-10,4,34.78
sims,James,Sims,sims@hotmail.com,False,2018-07-10,4,48.2
sjuarez,Stephanie,Juarez,juarez9923@gmail.com,False,2018-03-03,7,15.94
slambert,Sandra,Lambert,slambert@gmail.com,True,2018-05-14,2,87.64
slee,Steven,Lee,slee@yahoo.com,False,2018-02-24,2,39.18
sli,Steven,Li,li@wright.com,True,2018-08-25,2,66.43
smatthews,Sheryl,Matthews,matthews5128@gmail.com,False,2018-08-08,5,1.7
smaxwell,Sherry,Maxwell,maxwell5458@gmail.com,True,2018-08-03,4,47.95
smiller,Sarah,Miller,miller@yahoo.com,True,2018-06-29,4,4.92
smitchell,Sarah,Mitchell,smitchell@hotmail.com,True,2018-06-28,3,74.58
smith,Alexandra,Smith,smith@gmail.com,True,2018-01-18,7,84.04
smith8832,Angela,Smith,asmith@yahoo.com,False,2018-01-07,4,24.71
snorris,Sabrina,Norris,snorris@weber.com,True,2018-08-04,7,18.83
stephanie,Stephanie,Roberts,roberts244@ewing.com,True,2018-06-02,0,81.98
steven.campbellsteven5948,Steven,Campbell,steven.campbellsteven9847@hotmail.com,True,2018-07-14,1,20.5
steven.cantrellsteven6676,Steven,Cantrell,cantrell4917@yahoo.com,True,2018-05-16,1,48.08
steven.montgomerysteven9277,Steven,Montgomery,montgomery@yahoo.com,True,2018-09-08,6,0.79
stevenson9857,Lindsey,Stevenson,lindsey.stevensonlindsey3333@gmail.com,False,2018-07-22,0,64.56
stewart1327,Jennifer,Stewart,jennifer@hotmail.com,True,2018-08-03,6,47.19
sullivan4196,Joseph,Sullivan,jsullivan@gmail.com,False,2018-04-14,7,71.6
susan,Susan,,susan@hotmail.com,True,2018-02-27,5,58.66
suzanne.gamblesuzanne3226,Suzanne,Gamble,gamble@young.com,True,2018-07-12,1,62.95
swanson,Hannah,Swanson,hswanson@yahoo.com,True,2018-04-06,4,60.59
tallison,Tami,Allison,tami@gmail.com,True,2018-05-05,1,62.63
tbrown,Tony,Brown,tbrown@yahoo.com,True,2018-08-07,2,88.02
tcarter,Tara,Carter,carter8257@hotmail.com,False,2018-06-16,6,94.45
teresa,Teresa,Bonilla,bonilla@hotmail.com,True,2018-07-29,5,20.14
terri,Terri,Carr,terri.carrterri4900@collins.org,False,2018-07-04,1,99.62
theresa.butlertheresa1201,Theresa,Butler,theresa@clark.com,True,2018-01-30,1,62.1
thomas,Thomas,,thomas@gmail.com,True,2018-08-21,7,7.13
thomas.garrisonthomas3851,Thomas,Garrison,thomas@hotmail.com,True,2018-05-06,4,11.42
thomas.petersonthomas9439,Thomas,Peterson,peterson@ballard-green.com,True,2018-08-21,3,29.32
thomas2620,Nicole,Thomas,nicole.thomasnicole7280@yahoo.com,True,2018-04-02,4,95.5
tiffany,Tiffany,Bonilla,tbonilla@yahoo.com,True,2018-04-15,1,62.4
tiffany.lopeztiffany6161,Tiffany,Lopez,tlopez@yahoo.com,True,2018-05-15,3,37.67
timothy,Timothy,Martinez,timothy.martineztimothy9111@hotmail.com,True,2018-02-24,3,0.9
timothy.garciatimothy3612,Timothy,Garcia,garcia7892@lawson.com,True,2018-02-03,4,86.81
tina,Tina,Allen,allen@gmail.com,True,2018-03-09,1,6.81
tjohnson,Tyler,Johnson,tyler.johnsontyler7545@gmail.com,True,2018-05-31,5,23.95
todd,Todd,,todd@hotmail.com,True,2018-05-08,2,26.1
torres,Jeremy,Torres,torres4381@hotmail.com,True,2018-03-17,3,68.74
tran,Christopher,Tran,christopher.tranchristopher7146@yahoo.com,False,2018-04-09,0,23.43
troy.kingtroy8809,Troy,King,troy@gmail.com,False,2018-06-13,6,2.19
tsimpson,Theresa,Simpson,theresa.simpsontheresa7402@hotmail.com,True,2018-04-08,6,17.31
vanessa.hodgevanessa4504,Vanessa,Hodge,vanessa.hodgevanessa3527@hotmail.com,True,2018-01-19,6,23.56
vjohnson,Vanessa,Johnson,vjohnson@johnston.com,False,2018-01-28,3,57.75
vwilliams,Vicki,Williams,vicki.williamsvicki7047@hotmail.com,True,2018-07-20,1,68.36
walker,Jason,Walker,jwalker@gmail.com,True,2018-08-04,5,88.4
wall,Kyle,Wall,wall@yahoo.com,True,2018-05-17,7,40.41
wallace,Caitlin,Wallace,cwallace@gmail.com,True,2018-07-02,6,92.77
ward,Caleb,Ward,ward2040@mcfarland.info,True,2018-01-07,5,54.5
washington28,Cheryl,Washington,cwashington@yahoo.com,True,2018-04-22,6,79.19
watson5009,Elizabeth,Watson,ewatson@gmail.com,True,2018-01-15,1,81.95
wells4649,Brett,Wells,brett.wellsbrett6186@hotmail.com,True,2018-01-15,2,37.4
wendy.burtonwendy4557,Wendy,Burton,wendy@thompson.com,True,2018-03-07,6,30.75
whitaker2027,Gwendolyn,Whitaker,whitaker9463@gmail.com,False,2018-08-09,7,66.28
whitehead5149,Joe,Whitehead,whitehead@ross-santiago.com,True,2018-01-03,3,63.76
william,William,,william@hotmail.com,True,2018-08-10,3,40.99
william.garzawilliam9949,William,Garza,wgarza@gmail.com,True,2018-02-12,0,38.26
willis,Gina,Willis,gina@gmail.com,True,2018-03-10,3,16.42
wilson7767,Anna,Wilson,wilson@gmail.com,True,2018-04-29,0,53.47
wolfe203,Patricia,Wolfe,patricia.wolfepatricia3087@holland-smith.net,True,2018-08-10,7,17.5
woodard7048,Tara,Woodard,tara.woodardtara5593@gmail.com,True,2018-05-31,1,92.48
wu1837,Timothy,Wu,twu@hotmail.com,True,2018-07-26,4,87.51
wu7369,Laura,Wu,wu@hotmail.com,True,2018-01-27,1,97.97
young6385,James,Young,jyoung@andrews.com,False,2018-02-22,5,45.58
zachary.carsonzachary1147,Zachary,Carson,zachary@hotmail.com,True,2018-02-08,2,35.28
